"step","com1_inst","com2_inst","VG2_inst","U_inst","com2","com1","CM2_inst","CM1_inst","CLR_inst","V1_inst","C","VG1_inst","V2_inst","R1","R2","R3","R4","R5","R6","R7","R8","R9","R10","R11","R12","R13","R14","R15","R16","R17","R18","R19","R20","R21","R22","R23","R24","R25","R26","R27","R28","R29","R30","R31","R32","comM1","comM2","comM3","comM4","vM1","vM2","vM3","vM4","instM1","instM2","instM3","instM4","MV-1","MV-2","MV-3","MV-4","MAV-1","MAV-2","MAV-3","MAV-4","MDV-1","MDV-2","MDV-3","MDV-4","MR-1","MR-2","MR-3","MR-4","MID-1","MID-2","MID-3","MID-4","inst1","inst2","inst3","inst4","inst5","inst6","inst7","inst8","inst_ID-1","inst_ID-2","inst_ID-3","inst_ID-4","inst_ID-5","inst_ID-6","inst_ID-7","inst_ID-8","inst-dep1","inst-dep2","inst-dep3","inst-dep4","inst-dep5","inst-dep6","inst-dep7","inst-dep8","C8","AV8","MV8","R1","R2","R3","R4","R5","R6","R7","R8","R9","R10","R11","R12","R13","R14","R15","R16","R17","R18","R19","R20","R21","R22","R23","R24","R25","R26","R27","R28","R29","R30","R31","R32"
"0","0xB","0xC","0b0110000000100110","0b1111100111111111","0","0","0b0000000000000000","0b0000000000000000","0b0000000000000000","0b0000000001000000","1","0b0110000000100110","0b0000000001000000","0x00000000","0x00000001","0x000001B4","0x00000000","0x00000000","0x00000000","0x00000000","0x00000000","0x00000000","0x00000000","0x00000000","0x00000000","0x00000000","0x00000000","0x00000000","0x00000000","0x00000000","0x00000000","0x00000000","0x00000000","0x00000000","0x00000000","0x00000000","0x00000000","0x04000000","0x00000000","0x00000000","0x00000001","0xFFFFFFFF","0x00000084","0x00000260","0x00000051","0","0","0","0","0","0","0","0","0x8","0x2","0xF","0xE","1","0","1","1","1","0","1","1","1","0","1","1","0x18","0x18","0x18","0x18","0xE","0xA","0x2","0x6","0x60D000B0","0x1618D000","0x1618D000","0x60D000B0","0x1618D000","0x60D000B0","0x1618D000","0x60D000B0","0x08","0x07","0x07","0x04","0x03","0x00","0x1F","0x1C","0x007","0x603","0x603","0x003","0x20F","0x00F","0xE0B","0x00B","0x00","0x00","0xFB","0x20","0x20","0x20","0x06","0x20","0x20","0x20","0x20","0x20","0x20","0x20","0x20","0x20","0x20","0x20","0x20","0x20","0x20","0x20","0x20","0x20","0x20","0x20","0x20","0x20","0x20","0x20","0x20","0x20","0x20","0x20","0x07"
"1","0xB","0xC","0b0110000001100110","0b1111101111111111","0","0","0b0000000000000000","0b0000000000000000","0b0000000000000000","0b0000100000000000","0","0b0110000001100110","0b0000100000000000","0x00000000","0x00000001","0x000001B4","0x00000000","0x00000000","0x00000000","0x00000000","0x00000000","0x00000000","0x00000000","0x00000000","0x00000000","0x00000000","0x00000000","0x00000000","0x00000000","0x00000000","0x00000000","0x00000000","0x00000000","0x00000000","0x00000000","0x00000000","0x00000000","0x04000000","0x00000000","0x00000000","0x00000001","0xFFFFFFFF","0x000000B0","0x00000260","0x00000051","0","0","0","0","0","0","0","0","0x8","0x2","0xF","0xE","1","0","1","1","1","0","1","1","1","0","1","1","0x18","0x18","0x18","0x18","0xE","0xA","0x2","0x6","0x66D0007C","0x60D000B0","0x1618D000","0x60D000B0","0x1618D000","0x60D000B0","0x1618D000","0x60D000B0","0x09","0x08","0x07","0x04","0x03","0x00","0x1F","0x1C","0x000","0x007","0x603","0x003","0x20F","0x00F","0xE0B","0x00B","0x00","0x01","0xFF","0x20","0x20","0x20","0x06","0x20","0x20","0x20","0x20","0x20","0x20","0x20","0x20","0x20","0x20","0x20","0x20","0x20","0x20","0x20","0x20","0x20","0x20","0x20","0x20","0x20","0x20","0x20","0x20","0x20","0x20","0x20","0x07"
"2","0xB","0xC","0b0110000001100110","0b1111101111111111","0","0","0b0000000000000000","0b0000000000000000","0b0000000000000000","0b0000100000000000","1","0b0110000001100110","0b0000100000000000","0x00000000","0x00000001","0x000001B4","0x00000000","0x00000000","0x00000000","0x00000000","0x00000000","0x00000000","0x00000000","0x00000000","0x00000000","0x00000000","0x00000000","0x00000000","0x00000000","0x00000000","0x00000000","0x00000000","0x00000000","0x00000000","0x00000000","0x00000000","0x00000000","0x04000000","0x00000000","0x00000000","0x00000001","0xFFFFFFFF","0x000000B0","0x00000260","0x00000051","0","0","0","0","0","0","0","0","0x8","0x2","0xF","0xE","1","0","1","1","1","0","1","1","1","0","1","1","0x18","0x18","0x18","0x18","0xE","0xA","0x2","0x6","0x66D0007C","0x60D000B0","0x1618D000","0x60D000B0","0x1618D000","0x60D000B0","0x1618D000","0x60D000B0","0x09","0x08","0x07","0x04","0x03","0x00","0x1F","0x1C","0x000","0x007","0x603","0x003","0x20F","0x00F","0xE0B","0x00B","0x00","0x01","0xFF","0x20","0x20","0x20","0x06","0x20","0x20","0x20","0x20","0x20","0x20","0x20","0x20","0x20","0x20","0x20","0x20","0x20","0x20","0x20","0x20","0x20","0x20","0x20","0x20","0x20","0x20","0x20","0x20","0x20","0x20","0x20","0x07"
"3","0xB","0xC","0b0110100001100110","0b1111101111111111","0","1","0b0000000000000000","0b0000100000000000","0b0000000000000000","0b0000001000000000","0","0b0110100001100110","0b0000001000000000","0x00000000","0x00000001","0x000001B4","0x00000000","0x00000000","0x00000000","0x00000000","0x00000000","0x00000000","0x00000000","0x00000000","0x00000000","0x00000000","0x00000000","0x00000000","0x00000000","0x00000000","0x00000000","0x00000000","0x00000000","0x00000000","0x00000000","0x00000000","0x00000000","0x04000000","0x00000000","0x00000000","0x00000001","0xFFFFFFFF","0x0000007C","0x00000260","0x00000051","0","0","0","0","0","0","0","0","0x8","0x2","0xF","0xE","1","0","1","1","1","0","1","1","1","0","1","1","0x18","0x18","0x18","0x18","0xE","0xA","0x2","0x6","0x38180004","0x60D000B0","0x1618D000","0x60D000B0","0x1618D000","0x60D000B0","0x1618D000","0x60D000B0","0x0A","0x08","0x07","0x04","0x03","0x00","0x1F","0x1C","0x000","0x007","0x603","0x003","0x20F","0x00F","0xE0B","0x00B","0x00","0x00","0xFE","0x20","0x20","0x20","0x06","0x20","0x20","0x20","0x20","0x20","0x20","0x20","0x20","0x20","0x20","0x20","0x20","0x20","0x20","0x20","0x20","0x20","0x20","0x20","0x20","0x20","0x20","0x20","0x20","0x20","0x20","0x20","0x07"
"4","0xB","0xC","0b0110100001100110","0b1111101111111111","0","1","0b0000000000000000","0b0000100000000000","0b0000000000000000","0b0000001000000000","1","0b0110100001100110","0b0000001000000000","0x00000000","0x00000001","0x000001B4","0x00000000","0x00000000","0x00000000","0x00000000","0x00000000","0x00000000","0x00000000","0x00000000","0x00000000","0x00000000","0x00000000","0x00000000","0x00000000","0x00000000","0x00000000","0x00000000","0x00000000","0x00000000","0x00000000","0x00000000","0x00000000","0x04000000","0x00000000","0x00000000","0x00000001","0xFFFFFFFF","0x0000007C","0x00000260","0x00000051","0","0","0","0","0","0","0","0","0x8","0x2","0xF","0xE","1","0","1","1","1","0","1","1","1","0","1","1","0x18","0x18","0x18","0x18","0xE","0xA","0x2","0x6","0x38180004","0x60D000B0","0x1618D000","0x60D000B0","0x1618D000","0x60D000B0","0x1618D000","0x60D000B0","0x0A","0x08","0x07","0x04","0x03","0x00","0x1F","0x1C","0x000","0x007","0x603","0x003","0x20F","0x00F","0xE0B","0x00B","0x00","0x00","0xFE","0x20","0x20","0x20","0x06","0x20","0x20","0x20","0x20","0x20","0x20","0x20","0x20","0x20","0x20","0x20","0x20","0x20","0x20","0x20","0x20","0x20","0x20","0x20","0x20","0x20","0x20","0x20","0x20","0x20","0x20","0x20","0x07"
"5","0xC","0xD","0b0110001001100110","0b1111001111111111","0","0","0b0000000000000000","0b0000000000000000","0b0000000000000000","0b0000000000000000","0","0b0110001001100110","0b0000000000000000","0x00000000","0x00000001","0x000001B4","0x00000000","0x00000000","0x00000000","0x00000000","0x00000000","0x00000000","0x00000000","0x00000000","0x00000000","0x00000000","0x00000000","0x00000000","0x00000000","0x00000000","0x00000000","0x00000000","0x00000000","0x00000000","0x00000000","0x00000000","0x00000000","0x04000000","0x00000000","0x00000000","0x00000001","0xFFFFFFFF","0x00000084","0x00000260","0x00000051","0","0","0","0","0","0","0","0","0x8","0x2","0xF","0xE","1","0","1","1","1","0","1","1","1","0","1","1","0x18","0x18","0x18","0x18","0xE","0xA","0x2","0x6","0x38180004","0x60D000B0","0x1618D000","0x60D000B0","0x1618D000","0x60D000B0","0x1618D000","0x60D000B0","0x0A","0x08","0x07","0x04","0x03","0x00","0x1F","0x1C","0x000","0x007","0x603","0x003","0x20F","0x00F","0xE0B","0x00B","0x00","0x80","0xFE","0x20","0x20","0x20","0x06","0x20","0x20","0x20","0x20","0x20","0x20","0x20","0x20","0x20","0x20","0x20","0x20","0x20","0x20","0x20","0x20","0x20","0x20","0x20","0x20","0x20","0x20","0x20","0x20","0x20","0x20","0x20","0x07"
"6","0xC","0xD","0b0110001001100110","0b1111001111111111","0","0","0b0000000000000000","0b0000000000000000","0b0000000000000000","0b0000000000000000","1","0b0110001001100110","0b0000000000000000","0x00000000","0x00000001","0x000001B4","0x00000000","0x00000000","0x00000000","0x00000000","0x00000000","0x00000000","0x00000000","0x00000000","0x00000000","0x00000000","0x00000000","0x00000000","0x00000000","0x00000000","0x00000000","0x00000000","0x00000000","0x00000000","0x00000000","0x00000000","0x00000000","0x04000000","0x00000000","0x00000000","0x00000001","0xFFFFFFFF","0x00000084","0x00000260","0x00000051","0","0","0","0","0","0","0","0","0x8","0x2","0xF","0xE","1","1","1","1","1","0","1","1","1","0","1","1","0x18","0x18","0x18","0x18","0xE","0xA","0x2","0x6","0x38180004","0x60D000B0","0x1618D000","0x60D000B0","0x1618D000","0x60D000B0","0x1618D000","0x60D000B0","0x0A","0x08","0x07","0x04","0x03","0x00","0x1F","0x1C","0x000","0x007","0x603","0x003","0x20F","0x00F","0xE0B","0x00B","0x00","0x80","0xFE","0x20","0x20","0x20","0x06","0x20","0x20","0x20","0x20","0x20","0x20","0x20","0x20","0x20","0x20","0x20","0x20","0x20","0x20","0x20","0x20","0x20","0x20","0x20","0x20","0x20","0x20","0x20","0x20","0x20","0x20","0x20","0x07"
"7","0xC","0xD","0b0110001001100110","0b1111011111111111","0","0","0b0000000000000000","0b0000000000000000","0b0000000000000000","0b0001000000000000","0","0b0110001001100110","0b0001000000000000","0x00000000","0x00000001","0x000001B4","0x00000000","0x00000000","0x00000000","0x00000000","0x00000000","0x00000000","0x00000000","0x00000000","0x00000000","0x00000000","0x00000000","0x00000000","0x00000000","0x00000000","0x00000000","0x00000000","0x00000000","0x00000000","0x00000000","0x00000000","0x00000000","0x04000000","0x00000000","0x00000000","0x00000001","0xFFFFFFFF","0x0000007C","0x00000260","0x00000051","0","0","0","0","0","0","0","0","0x8","0x2","0xF","0xE","1","1","1","1","1","0","1","1","1","0","1","1","0x18","0x18","0x18","0x18","0xE","0xA","0x2","0x6","0x38180004","0x60D000B0","0x1618D000","0x60D000B0","0x1618D000","0x60D000B0","0x1618D000","0x1618D000","0x0A","0x08","0x07","0x04","0x03","0x00","0x1F","0x1F","0x000","0x007","0x603","0x003","0x20F","0x00F","0xE0B","0xE0B","0x00","0x01","0x7F","0x20","0x20","0x20","0x0A","0x20","0x20","0x20","0x20","0x20","0x20","0x20","0x20","0x20","0x20","0x20","0x20","0x20","0x20","0x20","0x20","0x20","0x20","0x20","0x20","0x20","0x20","0x20","0x20","0x20","0x20","0x20","0x07"
"8","0xC","0xD","0b0110001001100110","0b1111011111111111","0","0","0b0000000000000000","0b0000000000000000","0b0000000000000000","0b0001000000000000","1","0b0110001001100110","0b0001000000000000","0x00000000","0x00000001","0x000001B4","0x00000000","0x00000000","0x00000000","0x00000000","0x00000000","0x00000000","0x00000000","0x00000000","0x00000000","0x00000000","0x00000000","0x00000000","0x00000000","0x00000000","0x00000000","0x00000000","0x00000000","0x00000000","0x00000000","0x00000000","0x00000000","0x04000000","0x00000000","0x00000000","0x00000001","0xFFFFFFFF","0x0000007C","0x00000260","0x00000051","0","0","0","0","0","0","0","0","0x8","0x2","0xF","0xE","1","1","1","1","1","0","1","1","1","0","1","1","0x18","0x18","0x18","0x18","0xE","0xA","0x2","0x6","0x38180004","0x60D000B0","0x1618D000","0x60D000B0","0x1618D000","0x60D000B0","0x1618D000","0x1618D000","0x0A","0x08","0x07","0x04","0x03","0x00","0x1F","0x1F","0x000","0x007","0x603","0x003","0x20F","0x00F","0xE0B","0xE0B","0x00","0x01","0x7F","0x20","0x20","0x20","0x0A","0x20","0x20","0x20","0x20","0x20","0x20","0x20","0x20","0x20","0x20","0x20","0x20","0x20","0x20","0x20","0x20","0x20","0x20","0x20","0x20","0x20","0x20","0x20","0x20","0x20","0x20","0x20","0x07"
"9","0xC","0xD","0b0111001001100110","0b1111011111111111","1","1","0b0010000000000000","0b0001000000000000","0b0000000000000000","0b0000000000000000","0","0b0111001001100110","0b0000000000000000","0x00000000","0x00000001","0x000001B4","0x00000000","0x00000000","0x00000000","0x00000000","0x00000000","0x00000000","0x00000000","0x00000000","0x00000000","0x00000000","0x00000000","0x00000000","0x00000000","0x00000000","0x00000000","0x00000000","0x00000000","0x00000000","0x00000000","0x00000000","0x00000000","0x04000000","0x00000000","0x00000000","0x00000001","0xFFFFFFFF","0x00000080","0x00000260","0x00000051","0","0","0","0","0","0","0","0","0x8","0x2","0xF","0xE","1","1","1","1","1","0","1","1","1","0","1","1","0x18","0x18","0x18","0x18","0xE","0xA","0x2","0x6","0x1618D000","0x38180004","0x60D000B0","0x1618D000","0x60D000B0","0x1618D000","0x60D000B0","0x1618D000","0x0B","0x0A","0x08","0x07","0x04","0x03","0x00","0x1F","0xA07","0x000","0x007","0x603","0x003","0x20F","0x00F","0xE0B","0x00","0x00","0xFC","0x20","0x20","0x20","0x0A","0x20","0x20","0x20","0x20","0x20","0x20","0x20","0x20","0x20","0x20","0x20","0x20","0x20","0x20","0x20","0x20","0x20","0x20","0x20","0x20","0x20","0x20","0x20","0x20","0x20","0x20","0x20","0x07"
"10","0xC","0xD","0b0111001001100110","0b1111011111111111","1","1","0b0010000000000000","0b0001000000000000","0b0000000000000000","0b0000000000000000","1","0b0111001001100110","0b0000000000000000","0x00000000","0x00000001","0x000001B4","0x00000000","0x00000000","0x00000000","0x00000000","0x00000000","0x00000000","0x00000000","0x00000000","0x00000000","0x00000000","0x00000000","0x00000000","0x00000000","0x00000000","0x00000000","0x00000000","0x00000000","0x00000000","0x00000000","0x00000000","0x00000000","0x04000000","0x00000000","0x00000000","0x00000001","0xFFFFFFFF","0x00000080","0x00000260","0x00000051","0","0","0","0","0","0","0","0","0x8","0x2","0xF","0xE","1","1","1","1","1","1","1","1","1","0","1","1","0x18","0x18","0x18","0x18","0xE","0xA","0x2","0x6","0x1618D000","0x38180004","0x60D000B0","0x1618D000","0x60D000B0","0x1618D000","0x60D000B0","0x1618D000","0x0B","0x0A","0x08","0x07","0x04","0x03","0x00","0x1F","0xA07","0x000","0x007","0x603","0x003","0x20F","0x00F","0xE0B","0x00","0x00","0xFC","0x20","0x20","0x20","0x0A","0x20","0x20","0x20","0x20","0x20","0x20","0x20","0x20","0x20","0x20","0x20","0x20","0x20","0x20","0x20","0x20","0x20","0x20","0x20","0x20","0x20","0x20","0x20","0x20","0x20","0x20","0x20","0x07"
"11","0xE","0xF","0b0100001001100110","0b1100011111111111","0","1","0b0000000000000000","0b0100000000000000","0b0000000000000000","0b0000000000000000","0","0b0100001001100110","0b0000000000000000","0x00000000","0x00000001","0x000001B4","0x00000000","0x00000000","0x00000000","0x00000000","0x00000000","0x00000000","0x00000000","0x00000000","0x00000000","0x00000000","0x00000000","0x00000000","0x00000000","0x00000000","0x00000000","0x00000000","0x00000000","0x00000000","0x00000000","0x00000000","0x00000000","0x04000000","0x00000000","0x00000000","0x00000001","0xFFFFFFFF","0x00000080","0x00000260","0x00000051","0","0","0","0","0","0","0","0","0x8","0x2","0xF","0xE","1","1","1","1","1","1","1","1","1","0","1","1","0x18","0x18","0x18","0x18","0xE","0xA","0x2","0x6","0x1618D000","0x1618D000","0x60D000B0","0x1618D000","0x60D000B0","0x1618D000","0x60D000B0","0x1618D000","0x0B","0x0B","0x08","0x07","0x04","0x03","0x00","0x1F","0xA07","0xA07","0x007","0x603","0x003","0x20F","0x00F","0xE0B","0x00","0x00","0xFC","0x20","0x20","0x20","0x0A","0x20","0x20","0x20","0x20","0x20","0x20","0x20","0x20","0x20","0x20","0x20","0x20","0x20","0x20","0x20","0x20","0x20","0x20","0x20","0x20","0x20","0x20","0x20","0x20","0x20","0x20","0x20","0x07"
"12","0xE","0xF","0b0100001001100110","0b1100011111111111","0","1","0b0000000000000000","0b0100000000000000","0b0000000000000000","0b0000000000000000","1","0b0100001001100110","0b0000000000000000","0x00000000","0x00000001","0x000001B4","0x00000000","0x00000000","0x00000000","0x00000000","0x00000000","0x00000000","0x00000000","0x00000000","0x00000000","0x00000000","0x00000000","0x00000000","0x00000000","0x00000000","0x00000000","0x00000000","0x00000000","0x00000000","0x00000000","0x00000000","0x00000000","0x04000000","0x00000000","0x00000000","0x00000001","0xFFFFFFFF","0x00000080","0x00000260","0x00000051","0","0","0","0","0","0","0","0","0x8","0x2","0xF","0xE","0","1","1","1","0","1","1","1","0","0","1","1","0x18","0x18","0x18","0x18","0xE","0xA","0x2","0x6","0x1618D000","0x1618D000","0x60D000B0","0x1618D000","0x60D000B0","0x1618D000","0x60D000B0","0x1618D000","0x0B","0x0B","0x08","0x07","0x04","0x03","0x00","0x1F","0xA07","0xA07","0x007","0x603","0x003","0x20F","0x00F","0xE0B","0x00","0x00","0xFC","0x20","0x20","0x20","0x0A","0x20","0x20","0x20","0x20","0x20","0x20","0x20","0x20","0x20","0x20","0x20","0x20","0x20","0x20","0x20","0x20","0x20","0x20","0x20","0x20","0x20","0x20","0x20","0x20","0x20","0x20","0x20","0x07"
"13","0xF","0x0","0b0000001001100110","0b1000011111111111","0","0","0b0000000000000000","0b0000000000000000","0b0000000000000000","0b0000000000000000","0","0b0000001001100110","0b0000000000000000","0x00000000","0x00000001","0x000001B4","0x00000000","0x00000000","0x00000000","0x00000000","0x00000000","0x00000000","0x00000000","0x00000000","0x00000000","0x00000000","0x00000000","0x00000000","0x00000000","0x00000000","0x00000000","0x00000000","0x00000000","0x00000000","0x00000000","0x00000000","0x00000000","0x04000000","0x00000000","0x00000000","0x00000001","0xFFFFFFFF","0x00000080","0x00000260","0x00000051","0","0","0","0","0","0","0","0","0x8","0x2","0xF","0xE","0","1","1","1","0","1","1","1","0","0","1","1","0x18","0x18","0x18","0x18","0xE","0xA","0x2","0x6","0x1618D000","0x1618D000","0x60D000B0","0x1618D000","0x60D000B0","0x1618D000","0x60D000B0","0x1618D000","0x0B","0x0B","0x08","0x07","0x04","0x03","0x00","0x1F","0xA07","0xA07","0x007","0x603","0x003","0x20F","0x00F","0xE0B","0x00","0x80","0xFC","0x20","0x20","0x20","0x0A","0x20","0x20","0x20","0x20","0x20","0x20","0x20","0x20","0x20","0x20","0x20","0x20","0x20","0x20","0x20","0x20","0x20","0x20","0x20","0x20","0x20","0x20","0x20","0x20","0x20","0x20","0x20","0x07"
"14","0xF","0x0","0b0000001001100110","0b1000011111111111","0","0","0b0000000000000000","0b0000000000000000","0b0000000000000000","0b0000000000000000","1","0b0000001001100110","0b0000000000000000","0x00000000","0x00000001","0x000001B4","0x00000000","0x00000000","0x00000000","0x00000000","0x00000000","0x00000000","0x00000000","0x00000000","0x00000000","0x00000000","0x00000000","0x00000000","0x00000000","0x00000000","0x00000000","0x00000000","0x00000000","0x00000000","0x00000000","0x00000000","0x00000000","0x04000000","0x00000000","0x00000000","0x00000001","0xFFFFFFFF","0x00000080","0x00000260","0x00000051","0","0","0","0","0","0","0","0","0x8","0x2","0xF","0xE","0","1","1","1","0","1","1","1","0","0","1","1","0x18","0x18","0x18","0x18","0xE","0xA","0x2","0x6","0x1618D000","0x1618D000","0x60D000B0","0x1618D000","0x60D000B0","0x1618D000","0x60D000B0","0x1618D000","0x0B","0x0B","0x08","0x07","0x04","0x03","0x00","0x1F","0xA07","0xA07","0x007","0x603","0x003","0x20F","0x00F","0xE0B","0x00","0x80","0xFC","0x20","0x20","0x20","0x0A","0x20","0x20","0x20","0x20","0x20","0x20","0x20","0x20","0x20","0x20","0x20","0x20","0x20","0x20","0x20","0x20","0x20","0x20","0x20","0x20","0x20","0x20","0x20","0x20","0x20","0x20","0x20","0x07"
"15","0xF","0x0","0b0000001001100110","0b1000111111111111","0","0","0b0000000000000000","0b0000000000000000","0b0000000000000000","0b0000000000000000","0","0b0000001001100110","0b0000000000000000","0x00000000","0x00000001","0x000001B4","0x00000000","0x00000000","0x00000000","0x00000000","0x00000000","0x00000000","0x00000000","0x00000000","0x00000000","0x00000000","0x00000000","0x00000000","0x00000000","0x00000000","0x00000000","0x00000000","0x00000000","0x00000000","0x00000000","0x00000000","0x00000000","0x04000000","0x00000000","0x00000000","0x00000001","0xFFFFFFFF","0x00000080","0x00000260","0x00000051","0","0","0","0","0","0","0","0","0x8","0x2","0xF","0xE","0","1","1","1","0","1","1","1","0","0","1","1","0x18","0x18","0x18","0x18","0xE","0xA","0x2","0x6","0x1618D000","0x1618D000","0x60D000B0","0x1618D000","0x60D000B0","0x1618D000","0x60D000B0","0x60D000B0","0x0B","0x0B","0x08","0x07","0x04","0x03","0x00","0x00","0xA07","0xA07","0x007","0x603","0x003","0x20F","0x00F","0x00F","0x00","0x00","0x7D","0x20","0x20","0x20","0x0A","0x20","0x20","0x20","0x20","0x20","0x20","0x20","0x20","0x20","0x20","0x20","0x20","0x20","0x20","0x20","0x20","0x20","0x20","0x20","0x20","0x20","0x20","0x20","0x20","0x20","0x20","0x20","0x0B"
"16","0xF","0x0","0b0000001001100110","0b1000111111111111","0","0","0b0000000000000000","0b0000000000000000","0b0000000000000000","0b0000000000000000","1","0b0000001001100110","0b0000000000000000","0x00000000","0x00000001","0x000001B4","0x00000000","0x00000000","0x00000000","0x00000000","0x00000000","0x00000000","0x00000000","0x00000000","0x00000000","0x00000000","0x00000000","0x00000000","0x00000000","0x00000000","0x00000000","0x00000000","0x00000000","0x00000000","0x00000000","0x00000000","0x00000000","0x04000000","0x00000000","0x00000000","0x00000001","0xFFFFFFFF","0x00000080","0x00000260","0x00000051","0","0","0","0","0","0","0","0","0x8","0x2","0xF","0xE","0","1","1","1","0","1","1","1","0","1","1","1","0x18","0x18","0x18","0x18","0xE","0xA","0x2","0x6","0x1618D000","0x1618D000","0x60D000B0","0x1618D000","0x60D000B0","0x1618D000","0x60D000B0","0x60D000B0","0x0B","0x0B","0x08","0x07","0x04","0x03","0x00","0x00","0xA07","0xA07","0x007","0x603","0x003","0x20F","0x00F","0x00F","0x00","0x00","0x7D","0x20","0x20","0x20","0x0A","0x20","0x20","0x20","0x20","0x20","0x20","0x20","0x20","0x20","0x20","0x20","0x20","0x20","0x20","0x20","0x20","0x20","0x20","0x20","0x20","0x20","0x20","0x20","0x20","0x20","0x20","0x20","0x0B"
"17","0xF","0x0","0b0000001001100110","0b1001111111111111","0","0","0b0000000000000000","0b0000000000000000","0b0000000000000000","0b0000010000000000","0","0b0000001001100110","0b0000010000000000","0x00000000","0x00000001","0x000001B4","0x00000000","0x00000000","0x00000000","0x00000000","0x00000000","0x00000000","0x00000000","0x00000000","0x00000000","0x00000000","0x00000000","0x00000000","0x00000000","0x00000000","0x00000000","0x00000000","0x00000000","0x00000000","0x00000000","0x00000000","0x00000000","0x04000000","0x00000000","0x00000000","0x00000001","0xFFFFFFFF","0x00000084","0x00000260","0x00000051","0","0","0","0","0","0","0","0","0x8","0x2","0xF","0xE","0","1","1","1","0","1","1","1","0","1","1","1","0x18","0x18","0x18","0x18","0xE","0xA","0x2","0x6","0x60D000B0","0x1618D000","0x1618D000","0x60D000B0","0x1618D000","0x60D000B0","0x1618D000","0x60D000B0","0x0C","0x0B","0x0B","0x08","0x07","0x04","0x03","0x00","0x00B","0xA07","0xA07","0x007","0x603","0x003","0x20F","0x00F","0x00","0x00","0xFB","0x20","0x20","0x20","0x0A","0x20","0x20","0x20","0x20","0x20","0x20","0x20","0x20","0x20","0x20","0x20","0x20","0x20","0x20","0x20","0x20","0x20","0x20","0x20","0x20","0x20","0x20","0x20","0x20","0x20","0x20","0x20","0x0B"
"18","0xF","0x0","0b0000001001100110","0b1001111111111111","0","0","0b0000000000000000","0b0000000000000000","0b0000000000000000","0b0000010000000000","1","0b0000001001100110","0b0000010000000000","0x00000000","0x00000001","0x000001B4","0x00000000","0x00000000","0x00000000","0x00000000","0x00000000","0x00000000","0x00000000","0x00000000","0x00000000","0x00000000","0x00000000","0x00000000","0x00000000","0x00000000","0x00000000","0x00000000","0x00000000","0x00000000","0x00000000","0x00000000","0x00000000","0x04000000","0x00000000","0x00000000","0x00000001","0xFFFFFFFF","0x00000084","0x00000260","0x00000051","0","0","0","0","0","0","0","0","0x8","0x2","0xF","0xE","0","1","1","1","0","1","1","1","0","1","1","1","0x18","0x18","0x18","0x18","0xE","0xA","0x2","0x6","0x60D000B0","0x1618D000","0x1618D000","0x60D000B0","0x1618D000","0x60D000B0","0x1618D000","0x60D000B0","0x0C","0x0B","0x0B","0x08","0x07","0x04","0x03","0x00","0x00B","0xA07","0xA07","0x007","0x603","0x003","0x20F","0x00F","0x00","0x00","0xFB","0x20","0x20","0x20","0x0A","0x20","0x20","0x20","0x20","0x20","0x20","0x20","0x20","0x20","0x20","0x20","0x20","0x20","0x20","0x20","0x20","0x20","0x20","0x20","0x20","0x20","0x20","0x20","0x20","0x20","0x20","0x20","0x0B"
"19","0xF","0x0","0b0000011001100110","0b1011111111111111","0","0","0b0000000000000000","0b0000000000000000","0b0000000000000000","0b1000000000000000","0","0b0000011001100110","0b1000000000000000","0x00000000","0x00000001","0x000001B4","0x00000000","0x00000000","0x00000000","0x00000000","0x00000000","0x00000000","0x00000000","0x00000000","0x00000000","0x00000000","0x00000000","0x00000000","0x00000000","0x00000000","0x00000000","0x00000000","0x00000000","0x00000000","0x00000000","0x00000000","0x00000000","0x04000000","0x00000000","0x00000000","0x00000001","0xFFFFFFFF","0x000000B0","0x00000260","0x00000051","0","0","0","0","0","0","0","0","0x8","0x2","0xF","0xE","0","1","1","1","0","1","1","1","0","1","1","1","0x18","0x18","0x18","0x18","0xE","0xA","0x2","0x6","0x66D0007C","0x60D000B0","0x1618D000","0x60D000B0","0x1618D000","0x60D000B0","0x1618D000","0x60D000B0","0x0D","0x0C","0x0B","0x08","0x07","0x04","0x03","0x00","0x000","0x00B","0xA07","0x007","0x603","0x003","0x20F","0x00F","0x00","0x01","0xFF","0x20","0x20","0x20","0x0A","0x20","0x20","0x20","0x20","0x20","0x20","0x20","0x20","0x20","0x20","0x20","0x20","0x20","0x20","0x20","0x20","0x20","0x20","0x20","0x20","0x20","0x20","0x20","0x20","0x20","0x20","0x20","0x0B"
"20","0xF","0x0","0b0000011001100110","0b1011111111111111","0","0","0b0000000000000000","0b0000000000000000","0b0000000000000000","0b1000000000000000","1","0b0000011001100110","0b1000000000000000","0x00000000","0x00000001","0x000001B4","0x00000000","0x00000000","0x00000000","0x00000000","0x00000000","0x00000000","0x00000000","0x00000000","0x00000000","0x00000000","0x00000000","0x00000000","0x00000000","0x00000000","0x00000000","0x00000000","0x00000000","0x00000000","0x00000000","0x00000000","0x00000000","0x04000000","0x00000000","0x00000000","0x00000001","0xFFFFFFFF","0x000000B0","0x00000260","0x00000051","0","0","0","0","0","0","0","0","0x8","0x2","0xF","0xE","0","1","1","1","0","1","1","1","0","1","1","1","0x18","0x18","0x18","0x18","0xE","0xA","0x2","0x6","0x66D0007C","0x60D000B0","0x1618D000","0x60D000B0","0x1618D000","0x60D000B0","0x1618D000","0x60D000B0","0x0D","0x0C","0x0B","0x08","0x07","0x04","0x03","0x00","0x000","0x00B","0xA07","0x007","0x603","0x003","0x20F","0x00F","0x00","0x01","0xFF","0x20","0x20","0x20","0x0A","0x20","0x20","0x20","0x20","0x20","0x20","0x20","0x20","0x20","0x20","0x20","0x20","0x20","0x20","0x20","0x20","0x20","0x20","0x20","0x20","0x20","0x20","0x20","0x20","0x20","0x20","0x20","0x0B"
"21","0xF","0x0","0b1000011001100110","0b1011111111111111","0","1","0b0000000000000000","0b1000000000000000","0b0000000000000000","0b0010000000000000","0","0b1000011001100110","0b0010000000000000","0x00000000","0x00000001","0x000001B4","0x00000000","0x00000000","0x00000000","0x00000000","0x00000000","0x00000000","0x00000000","0x00000000","0x00000000","0x00000000","0x00000000","0x00000000","0x00000000","0x00000000","0x00000000","0x00000000","0x00000000","0x00000000","0x00000000","0x00000000","0x00000000","0x04000000","0x00000000","0x00000000","0x00000001","0xFFFFFFFF","0x0000007C","0x00000260","0x00000051","0","0","0","0","0","0","0","0","0x8","0x2","0xF","0xE","0","1","1","1","0","1","1","1","0","1","1","1","0x18","0x18","0x18","0x18","0xE","0xA","0x2","0x6","0x38180004","0x60D000B0","0x1618D000","0x60D000B0","0x1618D000","0x60D000B0","0x1618D000","0x60D000B0","0x0E","0x0C","0x0B","0x08","0x07","0x04","0x03","0x00","0x000","0x00B","0xA07","0x007","0x603","0x003","0x20F","0x00F","0x00","0x00","0xFE","0x20","0x20","0x20","0x0A","0x20","0x20","0x20","0x20","0x20","0x20","0x20","0x20","0x20","0x20","0x20","0x20","0x20","0x20","0x20","0x20","0x20","0x20","0x20","0x20","0x20","0x20","0x20","0x20","0x20","0x20","0x20","0x0B"
"22","0xF","0x0","0b1000011001100110","0b1011111111111111","0","1","0b0000000000000000","0b1000000000000000","0b0000000000000000","0b0010000000000000","1","0b1000011001100110","0b0010000000000000","0x00000000","0x00000001","0x000001B4","0x00000000","0x00000000","0x00000000","0x00000000","0x00000000","0x00000000","0x00000000","0x00000000","0x00000000","0x00000000","0x00000000","0x00000000","0x00000000","0x00000000","0x00000000","0x00000000","0x00000000","0x00000000","0x00000000","0x00000000","0x00000000","0x04000000","0x00000000","0x00000000","0x00000001","0xFFFFFFFF","0x0000007C","0x00000260","0x00000051","0","0","0","0","0","0","0","0","0x8","0x2","0xF","0xE","0","1","1","1","0","1","1","1","0","1","1","1","0x18","0x18","0x18","0x18","0xE","0xA","0x2","0x6","0x38180004","0x60D000B0","0x1618D000","0x60D000B0","0x1618D000","0x60D000B0","0x1618D000","0x60D000B0","0x0E","0x0C","0x0B","0x08","0x07","0x04","0x03","0x00","0x000","0x00B","0xA07","0x007","0x603","0x003","0x20F","0x00F","0x00","0x00","0xFE","0x20","0x20","0x20","0x0A","0x20","0x20","0x20","0x20","0x20","0x20","0x20","0x20","0x20","0x20","0x20","0x20","0x20","0x20","0x20","0x20","0x20","0x20","0x20","0x20","0x20","0x20","0x20","0x20","0x20","0x20","0x20","0x0B"
"23","0x0","0x1","0b0010011001100110","0b0011111111111111","0","0","0b0000000000000000","0b0000000000000000","0b0000000000000000","0b0000000000000000","0","0b0010011001100110","0b0000000000000000","0x00000000","0x00000001","0x000001B4","0x00000000","0x00000000","0x00000000","0x00000000","0x00000000","0x00000000","0x00000000","0x00000000","0x00000000","0x00000000","0x00000000","0x00000000","0x00000000","0x00000000","0x00000000","0x00000000","0x00000000","0x00000000","0x00000000","0x00000000","0x00000000","0x04000000","0x00000000","0x00000000","0x00000001","0xFFFFFFFF","0x00000084","0x00000260","0x00000051","0","0","0","0","0","0","0","0","0x8","0x2","0xF","0xE","0","1","1","1","0","1","1","1","0","1","1","1","0x18","0x18","0x18","0x18","0xE","0xA","0x2","0x6","0x38180004","0x60D000B0","0x1618D000","0x60D000B0","0x1618D000","0x60D000B0","0x1618D000","0x60D000B0","0x0E","0x0C","0x0B","0x08","0x07","0x04","0x03","0x00","0x000","0x00B","0xA07","0x007","0x603","0x003","0x20F","0x00F","0x00","0x80","0xFE","0x20","0x20","0x20","0x0A","0x20","0x20","0x20","0x20","0x20","0x20","0x20","0x20","0x20","0x20","0x20","0x20","0x20","0x20","0x20","0x20","0x20","0x20","0x20","0x20","0x20","0x20","0x20","0x20","0x20","0x20","0x20","0x0B"
"24","0x0","0x1","0b0010011001100110","0b0011111111111111","0","0","0b0000000000000000","0b0000000000000000","0b0000000000000000","0b0000000000000000","1","0b0010011001100110","0b0000000000000000","0x00000000","0x00000001","0x000001B4","0x00000000","0x00000000","0x00000000","0x00000000","0x00000000","0x00000000","0x00000000","0x00000000","0x00000000","0x00000000","0x00000000","0x00000000","0x00000000","0x00000000","0x00000000","0x00000000","0x00000000","0x00000000","0x00000000","0x00000000","0x00000000","0x04000000","0x00000000","0x00000000","0x00000001","0xFFFFFFFF","0x00000084","0x00000260","0x00000051","0","0","0","0","0","0","0","0","0x8","0x2","0xF","0xE","1","1","1","1","0","1","1","1","0","1","1","1","0x18","0x18","0x18","0x18","0xE","0xA","0x2","0x6","0x38180004","0x60D000B0","0x1618D000","0x60D000B0","0x1618D000","0x60D000B0","0x1618D000","0x60D000B0","0x0E","0x0C","0x0B","0x08","0x07","0x04","0x03","0x00","0x000","0x00B","0xA07","0x007","0x603","0x003","0x20F","0x00F","0x00","0x80","0xFE","0x20","0x20","0x20","0x0A","0x20","0x20","0x20","0x20","0x20","0x20","0x20","0x20","0x20","0x20","0x20","0x20","0x20","0x20","0x20","0x20","0x20","0x20","0x20","0x20","0x20","0x20","0x20","0x20","0x20","0x20","0x20","0x0B"
